MS_id	query_accession	gene	locus	protein_name	species	peptide	mod_sites	gene_site	aligned_peptides	modification_types	average:data:treated_to_untreated:EOE(drug washout)	average:data:treated_to_untreated:HDP3(3hrs post treatment)	average:data:treated_to_untreated:HDP6(6hrs post treatment)	average:data:treated_to_untreated:pre-treatment
6086967	P18433	PTPRA		Receptor-type tyrosine-protein phosphatase alpha	homo sapiens	Y798	Y798	PTPRA_Y798	YIDAFSDyANFK   	Phosphotyrosine	0.1468	0.0	0.0	1.0
6086968	P68363	TUBA1B		Tubulin alpha-1B chain	homo sapiens	Y357	Y357	TUBA1B_Y357	GFKVGINyQPPTVVP	Phosphotyrosine	1.1824	0.9501	0.9253	1.0
6086969	P50395	GDI2		Rab GDP dissociation inhibitor beta	homo sapiens	Y203	Y203	GDI2_Y203	DYLDQPCyETINRIK	Phosphotyrosine	0.9973	0.8615	0.9303	1.0
6086970	Q96HC4	PDLIM5		PDZ and LIM domain protein 5	homo sapiens	Y251	Y251	PDLIM5_Y251	VERYTEFyHVPTHSD	Phosphotyrosine	0.001	0.0269	0.068	1.0
6086971	P57075	UBASH3A		Ubiquitin-associated and SH3 domain-containing protein A	homo sapiens	Y9	Y9	UBASH3A_Y9	AAGETQLyAKVSNKL	Phosphotyrosine	0.0481	0.0025	0.0038	1.0
6086972	Q13523	PRPF4B		Serine/threonine-protein kinase PRP4 homolog	homo sapiens	Y849	Y849	PRPF4B_Y849	ADNDITPyLVSRFYR	Phosphotyrosine	1.0862	0.974	1.0195	1.0
6086973	P09211	GSTP1		Glutathione S-transferase P	homo sapiens	Y64	Y64	GSTP1_Y64	QDGDLTLyQSNTILR	Phosphotyrosine	0.8039	0.0001	0.851	1.0
6086974	P09211	GSTP1		Glutathione S-transferase P	homo sapiens	Y8	Y8	GSTP1_Y8	MPPYTVVyFPVRGRC	Phosphotyrosine	0.9368	0.8936	0.8684	1.0
6086975	P07900	HSP90AA1		Heat shock protein HSP 90-alpha	homo sapiens	Y604	Y604	HSP90AA1_Y604	CCIVTSTyGWTANME	Phosphotyrosine	0.9021	2.4726	2.7054	1.0
6086976	P11940	PABPC1		Polyadenylate-binding protein 1	homo sapiens	Y364	Y364	PABPC1_Y364	IVATKPLyVALAQRK	Phosphotyrosine	1.0185	0.5116	0.2788	1.0
6086977	P42680	TEC		Tyrosine-protein kinase Tec	homo sapiens	Y245	Y245	TEC_Y245	KSNNLDQyEWYCRNM	Phosphotyrosine	0.9234	0.7362	0.8222	1.0
6086978	Q16181	SEPT7		Septin-7	homo sapiens	Y30	Y30	SEPT7_Y30	QQKNLEGyVGFANLP	Phosphotyrosine	6.6397	7.0567	0.0495	1.0
6086979	P04075	ALDOA		Fructose-bisphosphate aldolase A	homo sapiens	Y3	Y3	ALDOA_Y3	     MPyQYPALTP	Phosphotyrosine	0.7842	0.6644	0.4603	1.0
6086980	P25685			heat-shock protein hsp40 - human	homo sapiens	Y176	Y176	_Y176	RVSLEEIySGCTKKM	Phosphotyrosine	0.3836	0.0389	0.0007	1.0
6086981	Q13480	GAB1		GRB2-associated-binding protein 1	homo sapiens	Y373	Y373	GAB1_Y373	ASDTDSSyCIPTAGM	Phosphotyrosine	0.0	0.0293	0.054	1.0
6086982	Q13480	GAB1		GRB2-associated-binding protein 1	homo sapiens	Y406	Y406	GAB1_Y406	DASSQDCyDIPRAFP	Phosphotyrosine	0.013	0.1194	0.1645	1.0
6086983	Q13480	GAB1		GRB2-associated-binding protein 1	homo sapiens	Y259	Y259	GAB1_Y259	ASVDSSLyNLPRSYS	Phosphotyrosine	0.2846	0.1454	0.3069	1.0
6086984	Q14157	UBAP2L		Ubiquitin-associated protein 2-like	homo sapiens	Y858	Y858	UBAP2L_Y858	GSLASNPySGDLTKF	Phosphotyrosine	0.0175	0.0486	0.1843	1.0
6086985	P61604	HSPE1		10 kDa heat shock protein, mitochondrial	homo sapiens	Y76	Y76	HSPE1_Y76	DKVLLPEyGGTKVVL	Phosphotyrosine	0.6109	0.9824	28.7349	1.0
6086986	Q9NT62	ATG3		Ubiquitin-like-conjugating enzyme ATG3	homo sapiens	Y18	Y18	ATG3_Y18	KALEVAEyLTPVLKE	Phosphotyrosine	0.0146	0.2135	0.1686	1.0
6086987	P04083	ANXA1		Annexin A1	homo sapiens	Y39	Y39	ANXA1_Y39	PGSAVSPyPTFNPSS	Phosphotyrosine	0.7722	0.2874	0.7451	1.0
6086988	Q99952	PTPN18		Tyrosine-protein phosphatase non-receptor type 18	homo sapiens	Y389	Y389	PTPN18_Y389	SAEEAPLySKVTPRA	Phosphotyrosine	4.96	0.0351	0.0007	1.0
6086989	Q00535	CDK5		Cyclin-dependent kinase 5	homo sapiens	Y15	Y15	CDK5_Y15	EKIGEGTyGTVFKAK	Phosphotyrosine	0.6529	0.5957	0.7881	1.0
6086990	Q00536	CDK16		Cyclin-dependent kinase 16	homo sapiens	Y176	Y176	CDK16_Y176	DKLGEGTyATVYKGK	Phosphotyrosine	0.1929	0.0266	0.0387	1.0
6086991	Q9UJU6	DBNL		Drebrin-like protein	homo sapiens	Y162	Y162	DBNL_Y162	QAPVGSVyQKTNAVS	Phosphotyrosine	0.0094	0.047	0.0242	1.0
6086992	Q9UQC2	GAB2		GRB2-associated-binding protein 2	homo sapiens	Y409	Y409	GAB2_Y409	RASSCETyEYPQRGG	Phosphotyrosine	0.4451	0.4301	0.8657	1.0
6086993	Q9UQC2	GAB2		GRB2-associated-binding protein 2	homo sapiens	Y266	Y266	GAB2_Y266	TEFRDSTyDLPRSLA	Phosphotyrosine	0.0252	0.3168	0.69	1.0
6086994	Q08345	DDR1		Epithelial discoidin domain-containing receptor 1	homo sapiens	Y792	Y792	DDR1_Y792	FGMSRNLyAGDYYRV	Phosphotyrosine	0.0	0.0322	54.0534	1.0
6086995	Q9UL03	INTS6		Integrator complex subunit 6	homo sapiens	Y497	Y497	INTS6_Y497	SHGLSMAyRKDFQQL	Phosphotyrosine	16.7415	33.4531	165.09	1.0
6086996	P11274	BCR		Breakpoint cluster region protein	homo sapiens	Y644	Y644	BCR_Y644	NSLETLLyKPVDRVT	Phosphotyrosine	0.6882	0.3103	0.1807	1.0
6086997	P11274	BCR		Breakpoint cluster region protein	homo sapiens	Y591	Y591	BCR_Y591	LASQLGVyRAFVDNY	Phosphotyrosine	0.0599	0.057	0.0871	1.0
6086998	P11274	BCR		Breakpoint cluster region protein	homo sapiens	Y598	Y598	BCR_Y598	YRAFVDNyGVAMEMA	Phosphotyrosine	0.012	0.0142	0.0284	1.0
6086999	P11274	BCR		Breakpoint cluster region protein	homo sapiens	Y360	Y360	BCR_Y360	VSPSPTTyRMFRDKS	Phosphotyrosine	0.0241	0.2691	0.9643	1.0
6087000	Q9UKF6	CPSF3		Cleavage and polyadenylation specificity factor subunit 3	homo sapiens	Y677	Y677	CPSF3_Y677	ELAAQRLyEALTPVH	Phosphotyrosine	1.0	1.0	1.0	1.0
6087001	Q9Y5B9	SUPT16H		FACT complex subunit SPT16	homo sapiens	Y11	Y11	SUPT16H_Y11	TLDKDAYyRRVKRLY	Phosphotyrosine	0.5217	0.0479	7.318	1.0
6087002	P02786	TFRC		Transferrin receptor protein 1	homo sapiens	Y20	Y20	TFRC_Y20	FGGEPLSyTRFSLAR	Phosphotyrosine	0.7083	0.6115	0.2409	1.0
6087003	Q12931	TRAP1		Heat shock protein 75 kDa, mitochondrial	homo sapiens	Y499	Y499	TRAP1_Y499	AGTRNIYyLCAPNRH	Phosphotyrosine	0.4129	0.3139	1.7176	1.0
6087004	Q06187	BTK		Tyrosine-protein kinase BTK	homo sapiens	Y225	Y225	BTK_Y225	KVVALYDyMPMNAND	Phosphotyrosine	0.0026	0.0	0.6891	1.0
6087005	Q06187	BTK		Tyrosine-protein kinase BTK	homo sapiens	Y223	Y223	BTK_Y223	LKKVVALyDYMPMNA	Phosphotyrosine	0.7064	0.3828	0.2949	1.0
6087006	P62333	PSMC6		26S protease regulatory subunit 10B	homo sapiens	Y173	Y173	PSMC6_Y173	PPKGCLLyGPPGTGK	Phosphotyrosine	0.244	0.54	0.3348	1.0
6087007	Q9NZM3	ITSN2		Intersectin-2	homo sapiens	Y553	Y553	ITSN2_Y553	EYQNKLIyLVPEKQL	Phosphotyrosine	0.5481	0.1174	0.1172	1.0
6087008	Q9NZM3	ITSN2		Intersectin-2	homo sapiens	Y968	Y968	ITSN2_Y968	REEPEALyAAVNKKP	Phosphotyrosine	0.0011	0.0397	0.0469	1.0
6087009	Q8NG31	CASC5		Protein CASC5	homo sapiens	Y443	Y443	CASC5_Y443	AMTPESIySNPSIQG	Phosphotyrosine	0.0098	0.0006	0.0767	1.0
6087010	P08670	VIM		Vimentin	homo sapiens	Y53	Y53	VIM_Y53	PSTSRSLyASSPGGV	Phosphotyrosine	0.0597	0.1127	0.0782	1.0
6087011	P08670	VIM		Vimentin	homo sapiens	Y61	Y61	VIM_Y61	ASSPGGVyATRSSAV	Phosphotyrosine	0.0665	0.0792	3.3699	1.0
6087012	P42229	STAT5A		Signal transducer and activator of transcription 5A	homo sapiens	Y694	Y694	STAT5A_Y694	LAKAVDGyVKPQIKQ	Phosphotyrosine	0.0676	0.0294	0.0311	1.0
6087013	P42229	STAT5A		Signal transducer and activator of transcription 5A	homo sapiens	Y682	Y682	STAT5A_Y682	KDEVFSKyYTPVLAK	Phosphotyrosine	0.358	0.266	0.892	1.0
6087014	P42229	STAT5A		Signal transducer and activator of transcription 5A	homo sapiens	Y90	Y90	STAT5A_Y90	LKIKLGHyATQLQKT	Phosphotyrosine	1.049	0.923	0.8191	1.0
6087015	Q9H792	PEAK1		Pseudopodium-enriched atypical kinase 1	homo sapiens	Y635	Y635	PEAK1_Y635	IVINPNAyDNLAIYK	Phosphotyrosine	0.1151	0.017	0.2155	1.0
6087016	P35580	MYH10		Myosin-10	homo sapiens	Y22	Y22	MYH10_Y22	FVDRAVIyNPATQAD	Phosphotyrosine	0.0936	0.0415	0.0603	1.0
6087017	P35580	MYH10		Myosin-10	homo sapiens	Y761	Y761	MYH10_Y761	LELDPNLyRIGQSKI	Phosphotyrosine	0.3554	0.103	0.8904	1.0
6087018	P05388	RPLP0		60S acidic ribosomal protein P0	homo sapiens	Y24	Y24	RPLP0_Y24	IIQLLDDyPKCFIVG	Phosphotyrosine	0.9986	0.926	0.9564	1.0
6087019	Q01518	CAP1		Adenylyl cyclase-associated protein 1	homo sapiens	Y354	Y354	CAP1_Y354	LKQVAYIyKCVNTTL	Phosphotyrosine	0.9461	0.89	0.8689	1.0
6087020	Q99704	DOK1		Docking protein 1	homo sapiens	Y449	Y449	DOK1_Y449	KSHNSALySQVQKSG	Phosphotyrosine	0.1044	0.0546	1.8917	1.0
6087021	P09661	SNRPA1		U2 small nuclear ribonucleoprotein A'	homo sapiens	Y137	Y137	SNRPA1_Y137	HYRLYVIyKVPQVRV	Phosphotyrosine	2.3752	0.0	0.0424	1.0
6087022	P07355	ANXA2		Annexin A2	homo sapiens	Y24	Y24	ANXA2_Y24	HSTPPSAyGSVKAYT	Phosphotyrosine	0.0085	0.0624	0.0855	1.0
6087023	Q07912	TNK2		Activated CDC42 kinase 1	homo sapiens	Y827	Y827	TNK2_Y827	SFASDPKyATPQVIQ	Phosphotyrosine	0.0374	0.0	0.2375	1.0
6087024	P45984	MAPK9		Mitogen-activated protein kinase 9	homo sapiens	Y185	Y185	MAPK9_Y185	TNFMMTPyVVTRYYR	Phosphotyrosine	0.5002	0.4201	0.3132	1.0
6087025	P25787	PSMA2		Proteasome subunit alpha type-2	homo sapiens	Y76	Y76	PSMA2_Y76	TKHIGLVySGMGPDY	Phosphotyrosine	0.5606	0.1363	0.1821	1.0
6087026	P25787	PSMA2		Proteasome subunit alpha type-2	homo sapiens	Y57	Y57	PSMA2_Y57	KKQKSILyDERSVHK	Phosphotyrosine	0.9417	0.946	0.8095	1.0
6087027	P25787	PSMA2		Proteasome subunit alpha type-2	homo sapiens	Y101	Y101	PSMA2_Y101	AQQYYLVyQEPIPTA	Phosphotyrosine	0.8605	0.8208	0.6794	1.0
6087028	Q13627	DYRK1A		Dual specificity tyrosine-phosphorylation-regulated kinase 1A	homo sapiens	Y321	Y321	DYRK1A_Y321	LGQRIYQyIQSRFYR	Phosphotyrosine	0.9648	0.9267	0.9595	1.0
6087029	Q13627	DYRK1A		Dual specificity tyrosine-phosphorylation-regulated kinase 1A	homo sapiens	Y147	Y147	DYRK1A_Y147	YDDDNYDyIVKNGEK	Phosphotyrosine	1.2425	0.853	0.8218	1.0
6087030	Q13627	DYRK1A		Dual specificity tyrosine-phosphorylation-regulated kinase 1A	homo sapiens	Y145	Y145	DYRK1A_Y145	DGYDDDNyDYIVKNG	Phosphotyrosine	1.4792	0.8205	0.9179	1.0
6087031	Q04837	SSBP1		Single-stranded DNA-binding protein, mitochondrial	homo sapiens	Y73	Y73	SSBP1_Y73	RSGDSEVyQLGDVSQ	Phosphotyrosine	1.0942	1.0174	1.0109	1.0
6087032	P00558	PGK1		Phosphoglycerate kinase 1	homo sapiens	Y196	Y196	PGK1_Y196	LMKKELNyFAKALES	Phosphotyrosine	0.9765	0.9362	0.8737	1.0
6087033	Q99816	TSG101		Tumor susceptibility gene 101 protein	homo sapiens	Y390	Y390	TSG101_Y390	TAGLSDLy       	Phosphotyrosine	0.8336	0.509	0.4419	1.0
6087034	P50552	VASP		Vasodilator-stimulated phosphoprotein	homo sapiens	Y39	Y39	VASP_Y39	AFSRVQIyHNPTANS	Phosphotyrosine	0.9627	0.9318	0.7824	1.0
6087035	P46109	CRKL		Crk-like protein	homo sapiens	Y92	Y92	CRKL_Y92	LEFYKIHyLDTTTLI	Phosphotyrosine	0.2036	0.0	0.1785	1.0
6087036	Q00610	CLTC		Clathrin heavy chain 1	homo sapiens	Y634	Y634	CLTC_Y634	LEHFTDLyDIKRAVV	Phosphotyrosine	0.0	0.0	0.0089	1.0
6087037	Q00610	CLTC		Clathrin heavy chain 1	homo sapiens	Y899	Y899	CLTC_Y899	RFLRENPyYDSRVVG	Phosphotyrosine	0.806	0.8642	0.5314	1.0
6087038	Q00610	CLTC		Clathrin heavy chain 1	homo sapiens	Y1206	Y1206	CLTC_Y1206	QQVGDRCyDEKMYDA	Phosphotyrosine	0.7968	0.8564	0.4895	1.0
6087039	P61313	RPL15		60S ribosomal protein L15	homo sapiens	Y59	Y59	RPL15_Y59	GYKAKQGyVIYRIRV	Phosphotyrosine	1.0329	1.1852	1.1012	1.0
6087040	O43776	NARS		Asparagine--tRNA ligase, cytoplasmic	homo sapiens	Y539	Y539	NARS_Y539	HIRDVCLyPRFVQRC	Phosphotyrosine	1.8074	1.6731	1.407	1.0
6087041	Q96P48	ARAP1		Arf-GAP with Rho-GAP domain, ANK repeat and PH domain-containing protein 1	homo sapiens	Y975	Y975	ARAP1_Y975	SDIPVIVyRCVDYIT	Phosphotyrosine	1.8197	0.8044	0.0763	1.0
6087042	Q96P48	ARAP1		Arf-GAP with Rho-GAP domain, ANK repeat and PH domain-containing protein 1	homo sapiens	Y504	Y504	ARAP1_Y504	SFDLTTPyRIFSFSA	Phosphotyrosine	1.0801	0.8504	0.6003	1.0
6087043	P62805	HIST4H4		Histone H4	homo sapiens	Y52	Y52	HIST4H4_Y52	KRISGLIyEETRGVL	Phosphotyrosine	1.9508	0.2255	0.1833	1.0
6087044	P24941	CDK2		Cyclin-dependent kinase 2	homo sapiens	Y15	Y15	CDK2_Y15	EKIGEGTyGVVYKAR	Phosphotyrosine	0.9378	0.9221	0.9981	1.0
6087045	P24941	CDK2		Cyclin-dependent kinase 2	homo sapiens	Y19	Y19	CDK2_Y19	EGTYGVVyKARNKLT	Phosphotyrosine	0.0057	0.0059	0.0059	1.0
6087046	P08865	RPSA		40S ribosomal protein SA	homo sapiens	Y139	Y139	RPSA_Y139	QPLTEASyVNLPTIA	Phosphotyrosine	0.2445	0.3176	0.121	1.0
6087047	P17174	GOT1		Aspartate aminotransferase, cytoplasmic	homo sapiens	Y264	Y264	GOT1_Y264	FSKNFGLyNERVGNL	Phosphotyrosine	0.9817	1.1787	0.881	1.0
6087048	P68104	EEF1A1		Elongation factor 1-alpha 1	homo sapiens	Y29	Y29	EEF1A1_Y29	TTTGHLIyKCGGIDK	Phosphotyrosine	0.9227	0.8995	0.8483	1.0
6087049	P68104	EEF1A1		Elongation factor 1-alpha 1	homo sapiens	Y141	Y141	EEF1A1_Y141	REHALLAyTLGVKQL	Phosphotyrosine	1.0219	0.0	1.3108	1.0
6087050	P11413	G6PD		Glucose-6-phosphate 1-dehydrogenase	homo sapiens	Y503	Y503	G6PD_Y503	MKRVGFQyEGTYKWV	Phosphotyrosine	0.5168	0.8039	0.8973	1.0
6087051	P11413	G6PD		Glucose-6-phosphate 1-dehydrogenase	homo sapiens	Y112	Y112	G6PD_Y112	NSYVAGQyDDAASYQ	Phosphotyrosine	0.5884	0.7542	0.6864	1.0
6087052	Q9Y5K6	CD2AP		CD2-associated protein	homo sapiens	Y88	Y88	CD2AP_Y88	LVQRISTyGLPAGGI	Phosphotyrosine	0.015	0.0268	0.0486	1.0
6087053	Q9Y5K6	CD2AP		CD2-associated protein	homo sapiens	Y548	Y548	CD2AP_Y548	YSPKPSVyLSTPSSA	Phosphotyrosine	0.0139	0.0	0.0218	1.0
6087054	Q96EK7	FAM120B		Constitutive coactivator of peroxisome proliferator-activated receptor gamma	homo sapiens	Y764	Y764	FAM120B_Y764	LVNLQPDyINPRAVQ	Phosphotyrosine	0.5387	1.9619	0.964	1.0
6087055	Q8WUM4	PDCD6IP		Programmed cell death 6-interacting protein	homo sapiens	Y727	Y727	PDCD6IP_Y727	PSIPTPAyQSSPAGG	Phosphotyrosine	2.005	0.0	1.297	1.0
6087056	Q99569	PKP4		Plakophilin-4	homo sapiens	Y420	Y420	PKP4_Y420	PIYEGRTyYSPVYRS	Phosphotyrosine	0.0452	0.2214	0.1812	1.0
6087057	Q99569	PKP4		Plakophilin-4	homo sapiens	Y306	Y306	PKP4_Y306	PNGPTPQyQTTARVG	Phosphotyrosine	0.0	0.0	0.0	1.0
6087058	Q99569	PKP4		Plakophilin-4	homo sapiens	Y478	Y478	PKP4_Y478	ALNTTATyAEPYRPI	Phosphotyrosine	0.0	0.0	0.033	1.0
6087059	Q99569	PKP4		Plakophilin-4	homo sapiens	Y415	Y415	PKP4_Y415	DLHITPIyEGRTYYS	Phosphotyrosine	1.0678	0.0	0.6814	1.0
6087060	P07948	LYN		Tyrosine-protein kinase Lyn	homo sapiens	Y397	Y397	LYN_Y397	RVIEDNEyTAREGAK	Phosphotyrosine	0.2682	0.3595	0.3464	1.0
6087061	P07948	LYN		Tyrosine-protein kinase Lyn	homo sapiens	Y193	Y193	LYN_Y193	RSLDNGGyYISPRIT	Phosphotyrosine	0.7464	0.5801	0.5511	1.0
6087062	P07948	LYN		Tyrosine-protein kinase Lyn	homo sapiens	Y194	Y194	LYN_Y194	SLDNGGYyISPRITF	Phosphotyrosine	0.7976	0.6168	0.5861	1.0
6087063	P00338	LDHA		L-lactate dehydrogenase A chain	homo sapiens	Y239	Y239	LDHA_Y239	KQVVESAyEVIKLKG	Phosphotyrosine	1.1116	0.9239	0.8432	1.0
6087064	P51692	STAT5B		Signal transducer and activator of transcription 5B	homo sapiens	Y90	Y90	STAT5B_Y90	LKIKLGHyATQLQNT	Phosphotyrosine	1.0571	1.0003	0.9349	1.0
6087065	P29353	SHC1		SHC-transforming protein 1	homo sapiens	Y427	Y427	SHC1_Y427	ELFDDPSyVNVQNLD	Phosphotyrosine	0.0125	0.0856	0.2447	1.0
6087066	Q13310	PABPC4		Polyadenylate-binding protein 4	homo sapiens	Y364	Y364	PABPC4_Y364	IVGSKPLyVALAQRK	Phosphotyrosine	0.9518	0.543	0.5276	1.0
6087067	P37802	TAGLN2		Transgelin-2	homo sapiens	Y8	Y8	TAGLN2_Y8	MANRGPAyGLSREVQ	Phosphotyrosine	0.0452	0.0848	0.1455	1.0
6087068	P37802	TAGLN2		Transgelin-2	homo sapiens	Y192	Y192	TAGLN2_Y192	SQAGMTGyGMPRQIL	Phosphotyrosine	0.0115	0.0448	0.0684	1.0
6087069	Q9BSC4	NOL10		Nucleolar protein 10	homo sapiens	Y339	Y339	NOL10_Y339	ETPKMGIyYIPVLGP	Phosphotyrosine	0.1071	0.7268	0.6411	1.0
6087070	P05023	ATP1A1		Sodium/potassium-transporting ATPase subunit alpha-1	homo sapiens	Y260	Y260	ATP1A1_Y260	TARGIVVyTGDRTVM	Phosphotyrosine	1.0023	0.6945	0.7456	1.0
6087071	P11172	UMPS		Uridine 5'-monophosphate synthase	homo sapiens	Y37	Y37	UMPS_Y37	SGLSSPIyIDLRGIV	Phosphotyrosine	1.016	1.0359	1.0215	1.0
6087072	P28482	MAPK1		Mitogen-activated protein kinase 1	homo sapiens	Y187	Y187	MAPK1_Y187	HTGFLTEyVATRWYR	Phosphotyrosine	0.0	0.0	0.1678	1.0
6087073	P06493	CDK1		Cyclin-dependent kinase 1	homo sapiens	Y15	Y15	CDK1_Y15	EKIGEGTyGVVYKGR	Phosphotyrosine	1.0513	0.9308	0.954	1.0
6087074	P06493	CDK1		Cyclin-dependent kinase 1	homo sapiens	Y19	Y19	CDK1_Y19	EGTYGVVyKGRHKTT	Phosphotyrosine	0.8806	0.876	0.8573	1.0
6087075	O14964	HGS		RecName: Full=Hepatocyte growth factor-regulated tyrosine kinase substrate; AltName: Full=Hrs; AltNa	homo sapiens	Y216	Y216	HGS_Y216	VRVCEPCyEQLNRKA	Phosphotyrosine	0.9063	0.7566	0.7462	1.0
6087076	P08238	HSP90AB1		Heat shock protein HSP 90-beta	homo sapiens	Y596	Y596	HSP90AB1_Y596	CCIVTSTyGWTANME	Phosphotyrosine	0.0448	0.0467	0.0753	1.0
6087077	P08238	HSP90AB1		Heat shock protein HSP 90-beta	homo sapiens	Y484	Y484	HSP90AB1_Y484	KETQKSIyYITGESK	Phosphotyrosine	1.109	1.0029	0.9697	1.0
6087078	Q9NRY4	ARHGAP35		Rho GTPase-activating protein 35	homo sapiens	Y1087	Y1087	ARHGAP35_Y1087	DGFDPSDyAEPMDAV	Phosphotyrosine	0.1805	0.6886	0.7423	1.0
6087079	Q9NRY4	ARHGAP35		Rho GTPase-activating protein 35	homo sapiens	Y1105	Y1105	ARHGAP35_Y1105	RNEEENIySVPHDST	Phosphotyrosine	0.5914	0.3541	0.1606	1.0
6087080	Q13322	GRB10		Growth factor receptor-bound protein 10	homo sapiens	Y407	Y407	GRB10_Y407	GMLLYQNyRIPQQRK	Phosphotyrosine	15.6784	0.2138	23.362	1.0
6087081	Q13322	GRB10		Growth factor receptor-bound protein 10	homo sapiens	Y404	Y404	GRB10_Y404	LKYGMLLyQNYRIPQ	Phosphotyrosine	13.0585	0.2878	32.5387	1.0
6087082	O00459	PIK3R2		RecName: Full=Phosphatidylinositol 3-kinase regulatory subunit beta; Short=PI3-kinase regulatory sub	homo sapiens	Y464	Y464	PIK3R2_Y464	SREYDQLyEEYTRTS	Phosphotyrosine	0.8763	0.8395	0.755	1.0
6087083	P62826	RAN		GTP-binding nuclear protein Ran	homo sapiens	Y147	Y147	RAN_Y147	RKKNLQYyDISAKSN	Phosphotyrosine	0.9469	0.8784	0.8636	1.0
6087084	Q16531	DDB1		DNA damage-binding protein 1	homo sapiens	Y718	Y718	DDB1_Y718	HIRTVPLyESPRKIC	Phosphotyrosine	1.5559	2.3144	1.3845	1.0
6087085	Q16539	MAPK14		Mitogen-activated protein kinase 14	homo sapiens	Y182	Y182	MAPK14_Y182	TDDEMTGyVATRWYR	Phosphotyrosine	0.8769	0.771	1.0118	1.0
6087086	Q86Z02	HIPK1		Homeodomain-interacting protein kinase 1	homo sapiens	Y352	Y352	HIPK1_Y352	SKAVCSTyLQSRYYR	Phosphotyrosine	0.945	0.8926	0.9676	1.0
6087087	Q8IZP0	ABI1		Abl interactor 1	homo sapiens	Y213	Y213	ABI1_Y213	PPTVPNDyMTSPARL	Phosphotyrosine	0.185	0.0402	0.2706	1.0
6087088	Q8IZP0	ABI1		Abl interactor 1	homo sapiens	Y23	Y23	ABI1_Y23	KRALIESyQNLTRVA	Phosphotyrosine	1.1483	1.2065	0.7677	1.0
6087089	P07195	LDHB		L-lactate dehydrogenase B chain	homo sapiens	Y240	Y240	LDHB_Y240	KMVVESAyEVIKLKG	Phosphotyrosine	0.9956	1.0762	0.6011	1.0
6087090	Q9H422	HIPK3		Homeodomain-interacting protein kinase 3	homo sapiens	Y359	Y359	HIPK3_Y359	SKTVCSTyLQSRYYR	Phosphotyrosine	1.0586	1.0788	1.2514	1.0
6087091	P47756	CAPZB		F-actin-capping protein subunit beta	homo sapiens	Y232	Y232	CAPZB_Y232	RSTLNEIyFGKTKDI	Phosphotyrosine	0.0066	0.1698	0.1084	1.0
6087092	P42677	RPS27		40S ribosomal protein S27	homo sapiens	Y31	Y31	RPS27_Y31	LVQSPNSyFMDVKCP	Phosphotyrosine	1.0314	1.2613	1.3338	1.0
6087093	P16157	ANK1		Ankyrin-1	homo sapiens	Y1073	Y1073	ANK1_Y1073	MSRLCQDyDTIGPEG	Phosphotyrosine	0.831	0.7129	0.8497	1.0
6087094	P16157	ANK1		Ankyrin-1	homo sapiens	Y3	Y3	ANK1_Y3	     MPySVGFREA	Phosphotyrosine	0.0435	0.0439	0.0675	1.0
6087095	Q8WWN8	ARAP3		Arf-GAP with Rho-GAP domain, ANK repeat and PH domain-containing protein 3	homo sapiens	Y684	Y684	ARAP3_Y684	ATYSGFLyCSPVSNK	Phosphotyrosine	1.0531	0.9762	0.6624	1.0
6087096	Q8WWN8	ARAP3		Arf-GAP with Rho-GAP domain, ANK repeat and PH domain-containing protein 3	homo sapiens	Y319	Y319	ARAP3_Y319	FNGRSLMyFGSDKDP	Phosphotyrosine	1.287	1.2987	4.3451	1.0
6087097	Q86X29	LSR		Lipolysis-stimulated lipoprotein receptor	homo sapiens	Y328	Y328	LSR_Y328	SIYAPSTyAHLSPAK	Phosphotyrosine	0.5759	0.0	0.7134	1.0
6087098	Q86X29	LSR		Lipolysis-stimulated lipoprotein receptor	homo sapiens	Y372	Y372	LSR_Y372	SAGGQGSyVPLLRDT	Phosphotyrosine	0.1239	0.4312	0.1059	1.0
6087099	P06733	ENO1		Alpha-enolase	homo sapiens	Y44	Y44	ENO1_Y44	SGASTGIyEALELRD	Phosphotyrosine	1.5112	1.1065	2.0142	1.0
6087100	P06733	ENO1		Alpha-enolase	homo sapiens	Y189	Y189	ENO1_Y189	MRIGAEVyHNLKNVI	Phosphotyrosine	3.2287	2.1769	0.8334	1.0
6087101	O43781	DYRK3		Dual specificity tyrosine-phosphorylation-regulated kinase 3	homo sapiens	Y369	Y369	DYRK3_Y369	EYQKLYTyIQSRFYR	Phosphotyrosine	0.9582	0.8742	0.9463	1.0
6087102	P45983	MAPK8		Mitogen-activated protein kinase 8	homo sapiens	Y185	Y185	MAPK8_Y185	TSFMMTPyVVTRYYR	Phosphotyrosine	0.8434	0.5003	0.6963	1.0
6087103	Q06124	PTPN11		Tyrosine-protein phosphatase non-receptor type 11	homo sapiens	Y584	Y584	PTPN11_Y584	REDSARVyENVGLMQ	Phosphotyrosine	2.1349	3.1762	4.2138	1.0
6087104	P26640	VARS		Valine--tRNA ligase	homo sapiens	Y469	Y469	VARS_Y469	LHEEGIIyRSTRLVN	Phosphotyrosine	0.1907	0.6392	0.821	1.0
6087105	P00519	ABL1		Tyrosine-protein kinase ABL1	homo sapiens	Y393	Y393	ABL1_Y393	RLMTGDTyTAHAGAK	Phosphotyrosine	0.3384	0.4034	0.7871	1.0
6087106	P00519	ABL1		Tyrosine-protein kinase ABL1	homo sapiens	Y115	Y115	ABL1_Y115	QGWVPSNyITPVNSL	Phosphotyrosine	0.3639	0.08	0.1037	1.0
6087107	P00519	ABL1		Tyrosine-protein kinase ABL1	homo sapiens	Y257	Y257	ABL1_Y257	GGQYGEVyEGVWKKY	Phosphotyrosine	0.8781	0.837	0.8748	1.0
6087108	P00519	ABL1		Tyrosine-protein kinase ABL1	homo sapiens	Y413	Y413	ABL1_Y413	TAPESLAyNKFSIKS	Phosphotyrosine	1.174	0.72	0.33	1.0
6087109	P00519	ABL1		Tyrosine-protein kinase ABL1	homo sapiens	Y253	Y253	ABL1_Y253	HKLGGGQyGEVYEGV	Phosphotyrosine	0.6411	0.8156	0.526	1.0
6087110	P00519	ABL1		Tyrosine-protein kinase ABL1	homo sapiens	Y185	Y185	ABL1_Y185	TASDGKLyVSSESRF	Phosphotyrosine	0.7685	0.7924	0.415	1.0
6087111	P00519	ABL1		Tyrosine-protein kinase ABL1	homo sapiens	Y469	Y469	ABL1_Y469	EGCPEKVyELMRACW	Phosphotyrosine	0.4073	0.0	0.8462	1.0
6087112	P07437	TUBB		Tubulin beta chain	homo sapiens	Y340	Y340	TUBB_Y340	VQNKNSSyFVEWIPN	Phosphotyrosine	0.8753	0.8247	0.7146	1.0
6087113	P26038	MSN		Moesin	homo sapiens	Y270	Y270	MSN_Y270	KAPDFVFyAPRLRIN	Phosphotyrosine	0.054	0.0376	0.0777	1.0
6087114	P27361	MAPK3		Mitogen-activated protein kinase 3	homo sapiens	Y204	Y204	MAPK3_Y204	HTGFLTEyVATRWYR	Phosphotyrosine	0.0	0.0041	0.0264	1.0
6087115	P06239	LCK		Tyrosine-protein kinase Lck	homo sapiens	Y394	Y394	LCK_Y394	RLIEDNEyTAREGAK	Phosphotyrosine	0.195	0.3021	0.3611	1.0
6087116	Q9Y316	MEMO1		Protein MEMO1	homo sapiens	Y210	Y210	MEMO1_Y210	DESQGEIyRSIEHLD	Phosphotyrosine	0.1167	0.0	0.0337	1.0
6087117	O15357	INPPL1		Phosphatidylinositol 3,4,5-trisphosphate 5-phosphatase 2	homo sapiens	Y986	Y986	INPPL1_Y986	NSFNNPAyYVLEGVP	Phosphotyrosine	2.2921	0.121	0.3874	1.0
6087118	O15357	INPPL1		Phosphatidylinositol 3,4,5-trisphosphate 5-phosphatase 2	homo sapiens	Y1135	Y1135	INPPL1_Y1135	KTLSEVDyAPAGPAR	Phosphotyrosine	0.0122	0.2502	0.4197	1.0
6087119	O15357	INPPL1		Phosphatidylinositol 3,4,5-trisphosphate 5-phosphatase 2	homo sapiens	Y1162	Y1162	INPPL1_Y1162	PRGLPSDyGRPLSFP	Phosphotyrosine	0.011	0.2827	0.5064	1.0
6087120	Q9UKY7	CDV3		Protein CDV3 homolog	homo sapiens	Y244	Y244	CDV3_Y244	KLQLDNQyAVLENQK	Phosphotyrosine	0.0048	0.009	0.1308	1.0
6087121	P28070	PSMB4		Proteasome subunit beta type-4	homo sapiens	Y102	Y102	PSMB4_Y102	MLGASGDyADFQYLK	Phosphotyrosine	0.5625	0.6656	0.6987	1.0
6087122	Q15019	SEPT2		Septin-2	homo sapiens	Y17	Y17	SEPT2_Y17	INPETPGyVGFANLP	Phosphotyrosine	0.3275	0.3493	0.0027	1.0
6087123	P43487	RANBP1		Ran-specific GTPase-activating protein	homo sapiens	Y103	Y103	RANBP1_Y103	LKICANHyITPMMEL	Phosphotyrosine	0.4246	19221700.0	71.0062	1.0
6087124	P62158	CALM3		calmodulin [Homo sapiens]	homo sapiens	Y100	Y100	CALM3_Y100	FDKDGNGyISAAELR	Phosphotyrosine	0.3509	0.0472	0.0764	1.0
6087125	P60900	PSMA6		Proteasome subunit alpha type-6	homo sapiens	Y159	Y159	PSMA6_Y159	YKCDPAGyYCGFKAT	Phosphotyrosine	0.1595	3.3971	2.8981	1.0
6087126	P21980	TGM2		Protein-glutamine gamma-glutamyltransferase 2	homo sapiens	Y369	Y369	TGM2_Y369	QEKSEGTyCCGPVPV	Phosphotyrosine	0.8797	0.8897	0.8507	1.0
6087127	P49840	GSK3A		Glycogen synthase kinase-3 alpha	homo sapiens	Y279	Y279	GSK3A_Y279	RGEPNVSyICSRYYR	Phosphotyrosine	0.9997	0.9837	0.9561	1.0
6087128	P51692	STAT5B		Signal transducer and activator of transcription 5B	homo sapiens	yYTPVPCESATAK	Y682	STAT5B_Y682	KDEVYSKyYTPVPCE	Phosphotyrosine	1.2137	0.7546	0.0329	1.0
6087129	Q92841	DDX17		probable ATP-dependent RNA helicase DDX17 isoform 1 [Homo sapiens]	homo sapiens	LKSTCIyGGAPK	Y279	DDX17_Y279	RLKSTCIyGGAPKGP	Phosphotyrosine	2.5015	1.1618	9.1125	1.0
